{
    "playableFaction":true,
    "corvusCompatible":true,
	"freeStart":true,
	"difficultyString":"hard",
	"ngcTooltip":"A colony charter has been granted to the Iron Shell, a sub-military faction within Hegemony. The sector has tried to undermine the Hegemony's democracy for quite some time, time to remind them why they must embrace.",
    "rebelFleetSuffix":"Traitors",
    
    "marketSpawnWeight":2,

    "startRelationships":{ "tritachyon": -0.3, "persean":-0.6, "hegemony":1.00 },
    
    "alignments":{
        "technocratic":-0.5,
        "militarist":1,
        "diplomatic":-0.5,
        "ideological":0.5,
    },
    "diplomacyTraits":["paranoid", "stalwart", "dislikes_ai", "law_and_order", "envious"],
    
	"minRelationships":{
		"hegemony": -0.25,
	},
	
    # chance of the faction being picked to send a colony expedition. Default 0 (disabled)
    "colonyExpeditionChance":0,	# baseline expansion behaviour
    "colonyTargetValuator":"exerelin.campaign.colony.IndustrialColonyTargetValuator",
    
    "specialForcesNamerClass":"exerelin.campaign.intel.specialforces.namer.PlanetNamer",
    
    "startShipsSolo":[["enforcer_xiv"]],
    "startShipsCombatSmall":[
      ["enforcer_xiv", "enforcer_xiv", "enforcer_xiv"],
    ],
    "startShipsTradeSmall":[["mule_Starting", "hound_hegemony_Standard", "kite_hegemony_Interceptor"]],
    "startShipsCombatLarge":[
      ["dominator_xiv", "enforcer_xiv", "kite_hegemony_Interceptor"]
    ],
    "startShipsTradeLarge":[["colossus_Standard", "mule_Standard", "kite_Starting"]],
    "startShipsExplorerLarge":[["venture_Balanced", "buffalo_hegemony_Standard", "shepherd_Frontier"]],
    "startShipsCarrierSmall":[["eagle_xiv", "lasher_Standard", "hound_hegemony_Standard"]],
    "startShipsCarrierLarge":[["mora_Assault", "enforcer_xiv", "lasher_Strike"]],
    #"startShipsGrandFleet":[["onslaught_xiv_Elite"]],
    
    "startSpecialItems":[
        [["low_tech_package", "xiv_package"]],
    ],
    
    "defenceStations":[
        {"ids":["orbitalstation", "battlestation", "starfortress"]},
        {"ids":["orbitalstation_mid", "battlestation_mid", "starfortress_mid"], "weight":0.5},
    ],
    
    "industrySeeds":[
        {"id":"orbitalworks", "mult":0.1},
        {"id":"fuelprod", "mult":0.1},
        {"id":"lightindustry", "mult":0.1},
    ],
    
    "bonusSeeds":[
        {"id":"population_upsize", "count":1},
        {"id":"nanoforge_pristine", "count":1},
    ],
}
