{
    "playableFaction":true,
    "corvusCompatible":true,
	"ngcTooltip":"Discretion is needed to survive in this ruthless sector. Embrace the iron fist on those who oppose us.",
    "rebelFleetSuffix":"Traitors",
    
	"asteroidMiningFleetName":"Scavenger",
    "gasMiningFleetName":"Collecter",
    "invasionFleetName":"Liberator",
    "responseFleetName":"Mourner",
    "invasionSupportFleetName":"Crucifixer",
    "defenceFleetName":"Guardian",
	
    "marketSpawnWeight":1,
	
    "startRelationships":{
		"al_ars": -0.5,
		"almighty_dollar": 0.15,
		"ashen_keepers": 0,
		"blade_breakers":  -1.00,
		"communist_clouds": -0.6,
		"dassault_mikoyan": -0.75,
		"diableavionics": -0.6,
		"exalted":-1.00,
		"hegemony":1.00,
		"interstellarimperium": -0.8,
		"kadur_remnant": -1.00,
		"keruvim": -0.6,
		"luddic_church": -0.2,
		"luddic_path":-0.5,
		"mayasura": -1.00,
		"magellan_protectorate": -0.9,
		"persean":-0.5,
		"pirates": -0.5,
		"prv": -0.3,
		"ocua":-0.3,
		"remnant": -0.5,
		"rb": -0.6,
		"scalartech": -0.3,
		"science_fuckers ": -0.6,
		"shadow_industry": -0.6,
		"star_federation":-0.4,
		"sylphon":-0.2,
		"tahlan_legioinfernalis":-1.00,
		"tritachyon": -0.3,
		"tiandong": 0,
		"xhanempire": -0.6,
		"warhawk_republic": -0.6,
		"xlu":-0.8,
		"unitedpamed": 0.25,
		"vic": 0.1,
	},
    
	"minRelationships":{
		"hegemony": -0.25,
	},
	
    "maxRelationships":{
		"blade_breakers": -1.00,
		"communist_clouds": -0.2,
		"dassault_mikoyan": -0.25,
		"interstellarimperium": -0.4,
		"kadur_remnant": -0.6,
		"mayasura": -1,
		"magellan_protectorate": -0.25,
		"star_federation":0.4,
		"sylphon":0,
		"tahlan_legioinfernalis": -0.5,
		"warhawk_republic": -0.6,
		"xlu":0.25,
	},
	
    "alignments":{
        "technocratic":-0.5,
        "hierarchial":1,
        "militarist":1,
        "diplomatic":-0.5,
        "ideological":0.5,
    },
	"diplomacyTraits":["paranoid", "stalwart", "neutralist", "lowprofile", "devious", "helps_allies", "dislikes_ai"],
	
	"freeMarket":true,
	
    # chance of the faction being picked to send a colony expedition. Default 0 (disabled)
    "colonyExpeditionChance":0,	# baseline expansion behaviour
    "colonyTargetValuator":"exerelin.campaign.colony.IndustrialColonyTargetValuator",
    
    "specialForcesNamerClass":"exerelin.campaign.intel.specialforces.namer.PlanetNamer",
    
    "startShipsSolo":[
		["eis_courageous_prototype"],
		["wolf_hegemony_Assault"],
	],

    "startShipsCombatSmall":[
      ["eis_audacious_assault", "eis_courageous_prototype", "wolf_hegemony_CS"],
    ],
	
    "startShipsCarrierSmall":[
		["eis_audacious_assault", "wolf_hegemony_CS", "eis_courageous_prototype"]
	],
	
	"startShipsTradeSmall":[
		["eis_audacious_assault", "hound_hegemony_Standard", "buffalo_hegemony_Standard"],
	],

	"startShipsCombatLarge":[
	  ["eis_vengeance_strike", "eis_audacious_assault", "wolf_hegemony_CS"],
	  ["eis_indomitable_assault", "eis_courageous_prototype", "hound_hegemony_Standard"],
    ],

    "startShipsCarrierLarge":[
		["eis_vengeance_strike", "eis_endeavor_standard", "eis_audacious_assault",],
	],
	
    "startShipsTradeLarge":[
		["colossus_Standard", "eis_vengeance_strike", "eis_audacious_assault"],
	],
	
    #"startShipsSuper":[],

    #"startShipsGrandFleet":[],
	
    "startSpecialItems":[
		[["low_tech_package", ""]],
		[["heg_aux_package", ""]],
        [["modspec", "eis_aquila"]],
    ],
    
    "defenceStations":[
        {"ids":["orbitalstation", "battlestation", "starfortress"]},
        {"ids":["orbitalstation_mid", "battlestation_mid", "starfortress_mid"], "weight":0.5},
    ],
    
    "industrySeeds":[
        {"id":"orbitalworks", "mult":0.1},
        {"id":"fuelprod", "mult":0.1},
        {"id":"lightindustry", "mult":0.1},
    ],
    
    "bonusSeeds":[
        {"id":"population_upsize", "count":1},
        {"id":"nanoforge_pristine", "count":1},
    ],
}
