{
	"ironshell":{
		"allowFamousFlagshipsInFleets":true,
		"allowFamousFlagshipBarEvent":true,
		"allowFamousDerelictBarEvent":false,
		"goodTraitFrequency":{
			"peak_cr_time":2,
			"repair":2,
			"malfunction":0.25,
			"mount_durability":0.25,
			"engine_durability":2,
			"hull_integrity":3,
			"armor_strength":3,
			"emp_resistance":2,
			"engine_power":1,
			"maneuverability":0.25,
			"damage":3,
			"weapon_stability":1,
			"turret_rotation":1,
			"range":4,
			"missile_guidance":1,
			"missile_reload":1,
			"fighter_damage":0.35,
			"fighter_speed":0.35,
			"fighter_durability":0.35,
			"refit_time":2,
			"overload_time":0.25,
			"flux_capacity":2,
			"flux_dissipation":2,
			"vent_rate":2,
			"shield_raise_rate":1,
			"shield_stability":1,
			"shield_strength":1,
			"phase_cost":0,
			"phase_cooldown":0,
			"blockade_runner":0,
		},
		
		"badTraitFrequency":{
			"peak_cr_time":1,
			"repair":1,
			"malfunction":0.25,
			"mount_durability":0.25,
			"engine_durability":1,
			"hull_integrity":2,
			"armor_strength":2,
			"emp_resistance":1,
			"engine_power":1,
			"maneuverability":0.25,
			"damage":2,
			"weapon_stability":1,
			"turret_rotation":1,
			"range":0.25,
			"missile_guidance":1,
			"missile_reload":1,
			"fighter_damage":0.35,
			"fighter_speed":0.35,
			"fighter_durability":0.35,
			"refit_time":2,
			"overload_time":0.25,
			"flux_capacity":2,
			"flux_dissipation":2,
			"vent_rate":1,
			"shield_raise_rate":1,
			"shield_stability":1,
			"shield_strength":1,
			"phase_cost":0,
			"phase_cooldown":0,
			"blockade_runner":0,
		},
	},
}