name,gender,usage,category
Morgana,f,f,ironshell
Morrigan,f,f,ironshell
Andre,m,f,ironshell
Jinx,f,f,ironshell
Lux,f,f,ironshell
Jett,m,f,ironshell
Onyx,f,f,ironshell
Aura,f,f,ironshell
Victoria,f,f,ironshell
Leila,f,f,ironshell
Zephyr,m,f,ironshell
Ash,,f,ironshell
Lillia,f,f,ironshell
Jasper,m,f,ironshell
Daphne,f,f,ironshell
Ophelia,f,f,ironshell
Le,,l,ironshell
Phan,,l,ironshell
Vu,,l,ironshell
Vo,,l,ironshell
Bui,,l,ironshell
Ngo,,l,ironshell
Duong,,l,ironshell
Ly,,l,ironshell
