id,type,text1,text2,text3,notes
ironshell,FACTION,"The Iron Shell is a military division of the Hegemony, responsible for collecting tariffs and administering the official Hegemony tax code. It is part of the Ministry of Commerce where its duties are to provide tax relief to tax dissidents; pursuing and resolving instances of tax evasions and overseeing various programs, including the AI Inspection Regulations and XIV Armor Reclamation Initiative.

Since its establishment, the Iron Shell are responsible for collecting most of the revenue needed to fund Hegemony albeit facing controversies and opposition over its methods, legality, and the principle of taxation in the Persean Sector. During the Askonia Crisis, the division struggled with budget cuts and reduced morale given the creation of the Sindrian Diktat. Nonetheless, during the Second AI War, the division collected more than $2.1 trillion worth of credits.

With a credit surplus in the budget, the Iron Shell spends lavishly to spare no expenses in a future plan to bring the Iron Shell back to her former glory.",,,
planet_chitagupta_ironshell,CUSTOM,"The watery surface of this azure planet is the byproduct of relentless bombardment from distant past. Its original icy hell nature gradually melts over decades due to the unprecedented greenhouse effect produced from the horrible aftermath. It is now teeming with undersea lifeforms by importing and raising aquatic animals from Jangala.

Furthermore, this planet is famous for its recreational facilities and resorts, which exclusively available for the bigwigs of Hegemony, who seeks a respite from their strenuous duties. Common citizens can still use and access these first rate amenities, that is if they can afford the exorbitant price. Lots of big-personality officers of the Hegemony are found here. One might be able to spark their interest through certain actions.

On its vast endless ocean, sprawling arcologies gloriously resting above. The beating heart of Iron Shell administration is located at the centermost part of metropolitan; a wide array of formidable planetary defenses swirl around its vicinity, ever protecting it from hostile forces.",,"The watery surface of this azure planet is the byproduct of relentless bombardment from distant past. Its original icy hell nature gradually melts over decades due to the unprecedented greenhouse effect produced from the horrible aftermath. It is now teeming with undersea lifeforms by importing and raising aquatic animals from Jangala. On its vast endless ocean, sprawling arcologies gloriously resting above. The beating heart of Iron Shell administration is located at the centermost part of metropolitan; a wide array of formidable planetary defenses swirl around its vicinity, ever protecting it from hostile forces.",
planet_yami_ironshell,CUSTOM,"A moon of Yama that belongs to proprietary of Iron Shell. The frozen celestial body serves as a penal colony for political dissidents, sector criminals, and most of all, elusive tax evaders. Majority of them falls into perpetual servitude in the chilly, pitifully-cramped volatile mines of Yami. There are occasional brave souls, or perhaps reckless fools, who attempted to escape their fate but none prevail as they ended up being caught by the meticulous security. A large number of designated mining engineers and employed miners is also present, which obviously has a better standing and working conditions than the expendable labor force made of convicts.

 Despite its desolate appearance from the outside, Yami's subterranean dwellings has a bustling designated market block that welcomes the trader and high profile patrons coming from the starport. In some occasion, the head wardens hold an auction for high-valued prisoners or those talented enough to be useful for someone with fattened pockets, regardless of purpose or reason. Each sold prisoners is equipped with loyalty chokers for 'safety' measures. In the event that they decided to rebel or attempt to hurt their masters, the device will immediately send an amplified voltage to their nervous system, strong enough to turn their brain into a grotesque mush.",,,
,,,,,
# Ships,,,,,
eis_broadsword,SHIP,improved new broadsword armor,,,
eis_gladius,SHIP,just the tip you know,,,
eis_warthog,SHIP,ka b000m,,,
eis_hoplon,SHIP,nooo you cant just use the khopesh like that,,,
eis_xyphos,SHIP,"famous design, good for PD",,,
eis_kopis,SHIP,chaingun go brrrrrt,,,
eis_khopesh,SHIP,rockets go kaboom,,,
eis_dagger,SHIP,applies a nice little payloadm issile and kaboom!,,,
eis_audacious,SHIP,little mommy,,,
eis_vengeance,SHIP,big mommy,,,
eis_champion,SHIP,"when they found this ship, it went brrrt",,,
eis_endeavor,SHIP,provides good mobile offensive firepower,,,
eis_dauntless,SHIP,a very daunting weapon reminds me of a tyrannical nature�,,,
eis_shiva,SHIP,apollyon is based on what?,,,
,,,,,
eis_taste_vengeance,SHIP_SYSTEM,"Ship airblast go brrrt reflect missile, me happy. If fail airblast, shield go red bad. If good airblast, shield get stronger!",Defensive,Provide orgasmic effects.,
eis_jump,SHIP_SYSTEM,Activate a thruster boost in the ship's systems.,Movement,Move faster,
eis_highballisticfocus,SHIP_SYSTEM,more energy dmg and ballistic dps brrrrrt,Offensive,Based on what?,
eis_microburn,SHIP_SYSTEM,a copy of a plasma burn,Movement,brrrt,
,,,,,
,,,,,
,,,,,
,,,,,
,,,,,
,,,,,
,,,,,
,,,,,
,,,,,
,,,,,
,,,,,
,,,,,
,,,,,
,,,,,
,,,,,
,,,,,
,,,,,
,,,,,
,,,,,
,,,,,
,,,,,
,,,,,
,,,,,
,,,,,
,,,,,
,,,,,
,,,,,
,,,,,
,,,,,
,,,,,
,,,,,
,,,,,
,,,,,
,,,,,
,,,,,
,,,,,
,,,,,
,,,,,
,,,,,
,,,,,
,,,,,
,,,,,
,,,,,
,,,,,
,,,,,
,,,,,
,,,,,
,,,,,
,,,,,
,,,,,
,,,,,
,,,,,
,,,,,
,,,,,
,,,,,
,,,,,
,,,,,
,,,,,
,,,,,
,,,,,
,,,,,
MSS_Reiter,SHIP,"The Reiter is a heavy combat carrier from Knight Industries, with five medium ballistics to supplement its fighter wings; Eschewed as a heavy and expensive alternative to the Condor, only high level captains make use of this dangerous machine.",,,
MSS_Nightingale,SHIP,"A well kept secret amongst Mayasura's elite, the Nightingale-class is a prototype phase frigate designed as an escort for the Zygaena. With twin synergy mounts on its nose, its ample firepower makes the Nightingale a dangerous foe in a duel.

It's rumoured that Mayasura employed the help of Tri-Tachyon scientists, but whether or not they did it willingly is unknown. If Mayasura held their position, could they have united the Sector?",,,
MSS_Zygaena,SHIP,"A well kept secret amongst Mayasura's elite, the Zygaena-class Battlecruiser is an experimental phase ship based off of the Mokarran's chassis.  Designed as a heavy interdictor, the Zygaena can even pressure smaller, faster ships with its interdictor array. With armament even more powerful than the Doom-class, the Zygaena is one of the most dangerous ships in the Sector. 

It's rumoured that Mayasura employed the help of Tri-Tachyon scientists, but whether or not they did it willingly is unknown. If Mayasura held their position, could they have united the Sector?",,,
MSS_Moa,SHIP,"Hailing its lineage from the Javanicus, the Moa is a heavily gunned defensive support cruiser. With twin large energy turrets, most captains choose to fit the Moa with Paladin Point Defense systems, making it invulnerable to most strike bombers. If that wasnt enough, the Moa comes equipped with a highly potent Fortress Shield system.",,,
MSS_Excalibur,SHIP,"Built around its huge railgun, the Excalibur-class is a long range sniper ship capable of breaking the strongest shields and overloading weak ones in a single shot. ",,,
MSS_big_railgun,WEAPON,A spinal railgun built into the Excalibur's hull. Fires inert tungsten slugs at extremely high velocity.,,,
MSS_big_railgun_nebulosa,WEAPON,A special version of the Caliburnus built into the Nebulosas frontal prongs.,,,
MSS_big_swap_railgunDummy,WEAPON,An advanced variant of the Caliburnus spinal railgun designed to fire exotic types of ammunition.,,,
,,,,,
MSS_Viper,SHIP,"The Viper-Class fighter is a Mayasuran fighter capable of turning the most brazen rookie into a deadly ace. Featuring quad laser cannons on its wingtips, its supplemented by the Vipers strong shield generator and armor.",,,
MSS_LaserCannon,WEAPON,"A power hungry energy weapon, the Ultraviolet Pulse Laser is capable of turning even the heaviest armor into molten steel.",,,
MSS_LargeLaserCannon,WEAPON,The rotary version of the Ultraviolet Pulse Laser. It has been adapted to a large chassis capable of rapidly firing energy bolts.,,,
MSS_LargeLaserCannon_scaramouche,WEAPON,"The rotary version of the Ultraviolet Pulse Laser. It has been adapted to a large chassis capable of rapidly firing energy bolts. Modified to shoot faster, this version is extremely flux heavy.",,,
MSS_Javanicus_B_Warhawk,SHIP,"This Javanicus has been modified by the Stormhawk Republic, converting the regular extra large bay meant for the Perryi-class into a Battlecarrier capable of housing a trio of wings. 

The Javanicus is one of Mayasura's defensive battlecruisers. Sporting a heavy broadside and ballistic armament, the Javanicus can put astounding amounts of lead down the field at a moment's notice. With a highly-advanced autofactory and refit bays located within the central deck, an extra large space is dedicated to the Perryi-class corvette.",,,
MSS_attitude,SHIP_SYSTEM,Engages extra thrusters to greatly improve the ship's maneuverability. Also provides a slight boost to the ship's top speed.,Movement,,
MSS_phasegateway,SHIP_SYSTEM,Teleports fighters to directed point within 800su range.,Utility,,
MSS_Shikra,SHIP,"A 3rd generation Mayasuran Warship, the Shikra is a more traditional type of carrier than the combat focused Stingray. Featuring enhanced targeting feed systems, Mayasuran Aces love the ample space within the hangar and comfortable barracks hidden beneath the armored hull.",,,
MSS_Scaramouche,SHIP,"A lethal design straight out of the Mayasurian Naval Bureau, the Scaramouche is an effective deterrent and interdiction vessel. 

Originally as an orbital bombardment vessel, the hull went through several redesigns until it fit the needs of the fleet. Now sporting a pair of Heavy Ion Lances permanently baked into the production chip, the excess reactor power was instead devoted to overcharging the engines to allow for brief bursts of extreme speed.

Astute captains will keep this ship on a tight leash in smaller engagements, lest their pilots pull too far from the fleet and kinetic support to survive.",,,
MSS_Scaramouche_HVB,SHIP,"This Scaramouche is part of a special ops brigade; outfitted with twin Heavy Ultraviolet Pulse Lasers, its firepower has been drastically increased.

A lethal design straight out of the Mayasurian Naval Bureau, the Scaramouche is an effective deterrent and interdiction vessel. 

Originally created as an orbital bombardment vessel, the hull went through several redesigns until it fit the needs of the fleet. Now sporting a pair of Heavy Ion Lances permanently baked into the production chip, the excess reactor power was instead devoted to overcharging the engines to allow for brief bursts of extreme speed.

Astute captains will keep this ship on a tight leash in smaller engagements, lest their pilots pull too far from the fleet and kinetic support to survive.",,,
MSS_Loyalist,SHIP,"Designed as an ideal lead ship for frigate groups, the Loyalist is an aggressively armed frigate that can play as both a command vessel and a withering assault ship. While massing as much as a destroyer, its lack of heavy mounts and lighter armor keep it tentatively in the frigate category. Mayasurian doctrine places the Loyalist in a similar position to the much larger Patriot, both often hosting the more eccentric commanders of their navy. 

Captains who pilot these vessels are known for being either irredeemable hotheads or cold, calculated strategists. Either way, the ability to actively drop component safeties and redline systems on a dime is highly valued by captains, and the extra strain on internals is considered a worthy sacrifice. Mechanics, on the other hand, loathe the overrides. Many battles that were won through heroics were then lost after a thorough berating of the officers by flummoxed maintenance crews. ",,,
MSS_National,SHIP,"Slinging both an impressive battery of three large energy turrets and a reactive overrides system, the National-class is considered the peak of aggressive flagship design for the Mayasurian navy. Coming from a similar design mindset to the popular Patriot and Loyalist lines, the National continues their signature active approach to space command. The lack of maneuverability compared its smaller brethren leaves it far more vulnerable to ambushes and flanks though, however with a flip of a switch the National is able to overdrive itself at a rapid cost to its deployment time. 

Early public documents list several iterations of a prototype which was developed as an artillery piece, but concerns about the hull being able to withstand constant use of all three turrets saw a complete gutting of the project. The success of the Patriot inspired a shipwright to produce a fresh redesign, which was readily approved and tweaked to current standards before being laid down.",,,
MSS_safeties,SHIP_SYSTEM,Toggles Safety Overrides. Increases ships top speed in combat by 50 and allows the zero-flux engine boost to take effect regardless of flux level. Flux dissipation rate increased by 200%. Peak performance degradation increased by 300%. No active venting and weapon range drastically reduced past 450su.,,Provides a brief boost to maneuverability and top speed.,
MSS_safetiesCapital,SHIP_SYSTEM,Toggles Safety Overrides. Increases ships top speed in combat by 10 and allows the zero-flux engine boost to take effect regardless of flux level. Flux dissipation rate increased by 200%. Peak performance degradation increased by 300%. No active venting and weapon range drastically reduced past 600su.,,Teleports fighters to directed point.,
MSS_Gyrfalcon,SHIP,"The Gyrfalcon is a thorough retooling of the ever-beloved Falcon-class Cruiser, swapping forward firepower and its slim frame to instead make it a highly capable broadsider. The expanded missile handling capabilities further enhance Mayasuran doctrine, helping to round out their pickings for combat-capable cruisers. 

After the Battle for Mairaath, the Admiralty decided to refit and upgrade many existing hulls in order to cover the largest shortcomings of their prior fleets. While the original Falcon is ideal for long-range gunlines and harassment, it falters due to its lack of missiles and vulnerability to being surrounded. By concentrating its firepower in the sides rather then the front and giving it the flux grid to keep up, shipwrights figured that it would make being outnumbered an almost tantalizing prospect. 

In practice however, few captains possess the coordination to properly manage a dual assault, so it finds more use as a broadside gunship. Gunnery officers adore the wide firing arcs, mechanics loathe the repairs to armor that result from a side-on attack.",,,
MSS_thumper,WEAPON,The Iruiru Plasma Grenade Launcher utilizes energy capacitors to charge up its high explosive payload. ,Area Denial,,
MSS_plasmabomb,WEAPON,"Costing over 10000 credits per bomb, the plasma bomb launchers attached to the Mako (M) are capable of ruinous destruction. With cues taken from the Ferox, Mayasura is famous for its plasma bombers.",Strike,,
