name,id,tier,rarity,base value,range,damage/second,damage/shot,emp,impact,turn rate,OPs,ammo,ammo/sec,reload size,type,energy/shot,energy/second,chargeup,chargedown,burst size,burst delay,min spread,max spread,spread/shot,spread decay/sec,beam speed,proj speed,launch speed,flight time,proj hitpoints,hints,tags,groupTag,tech/manufacturer,for weapon tooltip>>,primaryRoleStr,speedStr,trackingStr,turnRateStr,accuracyStr,customPrimary,customPrimaryHL,customAncillary,customAncillaryHL,noDPSInTooltip,number
#Vengeance,,,,,,,,,,,,,,,,,,,,,,,,,,,,,,,,,,,,,,,,,,,,,,
,eis_deco_vengeance_front,,,,,,,,,,,,,,,,,,,,,,,,,,,,,,SYSTEM,"no_drop, no_drop_salvage",,,,,,,,,,,,,,
,eis_deco_vengeance_back,,,,,,,,,,,,,,,,,,,,,,,,,,,,,,SYSTEM,"no_drop, no_drop_salvage",,,,,,,,,,,,,,
,eis_deco_vengeance_lights,,,,,,,,,,,,,,,,,,,,,,,,,,,,,,SYSTEM,"no_drop, no_drop_salvage",,,,,,,,,,,,,,YY Deco
#Endeavor,,,,,,,,,,,,,,,,,,,,,,,,,,,,,,,,,,,,,,,,,,,,,,
,eis_deco_endeavor_lights,,,,,,,,,,,,,,,,,,,,,,,,,,,,,,SYSTEM,"no_drop, no_drop_salvage",,,,,,,,,,,,,,YY Deco
,eis_deco_endeavor_heavy,,,,,,,,,,,,,,,,,,,,,,,,,,,,,,SYSTEM,"no_drop, no_drop_salvage",,,,,,,,,,,,,,
#Dauntless,,,,,,,,,,,,,,,,,,,,,,,,,,,,,,,,,,,,,,,,,,,,,,
,eis_deco_dauntless_lights,,,,,,,,,,,,,,,,,,,,,,,,,,,,,,SYSTEM,"no_drop, no_drop_salvage",,,,,,,,,,,,,,YY Deco
,eis_deco_dauntless_ml,,,,,,,,,,,,,,,,,,,,,,,,,,,,,,SYSTEM,"no_drop, no_drop_salvage",,,,,,,,,,,,,,
,eis_deco_dauntless_mr,,,,,,,,,,,,,,,,,,,,,,,,,,,,,,SYSTEM,"no_drop, no_drop_salvage",,,,,,,,,,,,,,
,eis_deco_dauntless_tl,,,,,,,,,,,,,,,,,,,,,,,,,,,,,,SYSTEM,"no_drop, no_drop_salvage",,,,,,,,,,,,,,
,eis_deco_dauntless_tr,,,,,,,,,,,,,,,,,,,,,,,,,,,,,,SYSTEM,"no_drop, no_drop_salvage",,,,,,,,,,,,,,
#Universal Decos,,,,,,,,,,,,,,,,,,,,,,,,,,,,,,,,,,,,,,,,,,,,,,
Blinker Red,eis_blinker_red,,,,,,,,,,,,,,,,,,,,,,,,,,,,,,SYSTEM,,,,,,,,,,,,,,,
Blinker Green,eis_blinker_green,,,,,,,,,,,,,,,,,,,,,,,,,,,,,,SYSTEM,,,,,,,,,,,,,,,
#Fighter Weapons,,,,,,,,,,,,,,,,,,,,,,,,,,,,,,,,,,,,,,,,,,,,,,
Annihilator Rocket Launcher,eis_annihilator,0,,150,800,,5,30,5,30,4,50,,,HIGH_EXPLOSIVE,0,,0,5,5,0.2,0,0,0,0,,350,50,3.75,55,CONSERVE_1,"rocket7, strike0, no_drop, no_drop_salvage",,,,Anti Armor,Fast,None,,,,,,,,
Hammer-class Torpedo (Single),eis_hammer_single,0,,75,730,,1750,,30,10,1,1,,,HIGH_EXPLOSIVE,0,,0,1,1,,0,0,0,0,,275,40,4,350,STRIKE,"strike5, rocket1, no_drop, no_drop_salvage",,,,Torpedo,Fast,None,,,,,,,TRUE,
Microburst Chaingun,eis_acg,1,,1000,200,,50,,3,30,10,50,0,0,HIGH_EXPLOSIVE,60,,0,0.10,1,,0,20,1,10,,800,,,30,,"he15, SR, no_drop, no_drop_salvage",,,,Anti Armor,,,,,,,,,,
Micro Devastator Cannon,eis_deva_f,1,,3500,600,,150,,40,12,20,,,,HIGH_EXPLOSIVE,75,,0,2,4,0.1,5,30,5,5,,700,,,100,"PD,PD_ALSO","he16, pd14, no_drop, no_drop_salvage",,,,Anti Fighter (Area),,,,,,,,,,