id,trigger,conditions,script,text,options,notes
greetingEISFriendly,OpenCommLink,"$faction.id == ironshell
$faction.friendlyToPlayer","$menuState = fleetConvMain 0
FireAll PopulateOptions","""Coms request accepted. Hello $playerNames ,what brings you here today?""
OR
The $personRank greets you with a warm smile.""How can the Iron Shell help you my friend?"" 
",,
greetingEISHostileWeaker,OpenCommLink,"$faction.id == ironshell
$entity.isHostile
$entity.relativeStrength < 0",$ignorePlayerCommRequests = true 1,"An Iron Shell $personRank appears onscreen. ""Perhaps we can come to an agreement.Let us leave peacefully and your names won't be on our hit list.""
OR
""I was hoping for a more civilized action from you.Turns out you're just another one of those pirates!""
",cutCommLink:Cut the comm link,
greetingEISHostileWeakerDefiant,OpenCommLink,"$faction.id == ironshell
$entity.isHostile
$entity.relativeStrength < 0
$entity.weakerThanPlayerButHolding",$ignorePlayerCommRequests = true 1,"The $personRank looks down upon you. ""Well,this is not the first time we're outnumbered,nor the first time we fight skilled enemy.All hand to battle stations!
OR
Only the insignia of the Iron Shell is on the coms.""Comrades!Today,we sacrifices ourself to the glory of the Turtle!""",cutCommLink:Cut the comm link,
greetingEISHostileStronger,OpenCommLink,"$faction.id == ironshell
$entity.isHostile
$entity.relativeStrength >= 0",$ignorePlayerCommRequests = true 1,,cutCommLink:Cut the comm link,
greetingEISNeutral,OpenCommLink,"$faction.id == ironshell
$faction.neutralToPlayer","$menuState = fleetConvMain 0
FireAll PopulateOptions","""Coms request accepted.Hello wanderers.Is there an incident you would like to report?""
OR
""I'm the leading officer of this detachment.What is it that you need from us?""",,
,,,,,,
flavorTextMarketEIS,TradePanelFlavorText,"$global.tradePanelMode == MARKET
$faction.id == ironshell","AddText ""The hustle and bustle of trader star-craft and patrol ships fills the docks. The port concourse scattered by soldiers and spacers bearing insignias of the turtle,either inspecting ships or chattering to eachother.Shipments bearing the insignia of the Domain slowly make their way through a well-guareded gate that's not available for commoners"" marketFlavorTextColor
AddText ""Upon a large dais in the center of the plaza stands an impressive statue of Emperor Colligus I, forged with brass and gold. Circling the dais is a cluster of stately flags, each depicting a long-inaccessible arm of the pre-Collapse Imperium."" marketFlavorTextColor",,,
flavorTextMarketEISChitagupta,TradePanelFlavorText,"$global.tradePanelMode == MARKET
$faction.id == ironshell
$market.id == EIS_Chitagupta
$id == EIS_Yami","AddText ""Imperial Guard patrol craft swoop by, visible through the large propaganda displays that seem to be a universal 'amenity' of Babylon, an ever-present symbol of the Imperium's authority. Matching docking ports on the outer ring lead inward to the Interstellar Bazaar, a veritable city of commerce. Kilometers of shops, business offices, storehouses, apartments, embassies, and all manner of attractions and venues are scattered across this enormous sector of Babylon. Close to a million spacers make their lives at Babylon, the Jewel of the Imperium."" marketFlavorTextColor
AddText ""Primly uniformed cadets march down a hall nearby, trailing behind a decorated Imperial Guard officer. Clearly an instructor of some sort, the officer continually barks propaganda and tidbits of sage advice, to which the cadets nod eagerly. Despite this, the Imperial Academy is known to accept only the best and the brightest candidates, often hand-picked by Minerva; most other citizens serve less glamorous - but just as demanding - positions elsewhere in the Imperium."" marketFlavorTextColor",,,
flavorTextMarketEISYami,TradePanelFlavorText,"$global.tradePanelMode == MARKET
$faction.id == ironshell
$market.id == EIS_Yami
$id == EIS_Yami","AddText ""Portum Centralis is the oft-overlooked companion port to Babylon; as the popular bit of bar trivia states, this bustling complex is the busiest star-port in the Persean Sector. Even the grand ports of Chicomoztoc don't quite compare, as Byzantium's unique land-limited geography forced planners to centralize off-world trade in a single nexus of madness. The cacophony is incredible; your clothes flap around in winds caused entirely by distant sonic booms of countless transports arriving and departing, and the unflinching guards resemble faceless automatons, heads covered in heavy helmets designed to drown out the noise."" marketFlavorTextColor
AddText ""Military drills take place nearby at all hours of the day, a single bastion of order in the face of pandemonium. Minerva's grip is felt most strongly here, where military service is mandatory and a citizen's rights and privileges are determined by rank. In the distance, you see a large decimation platform, thankfully occupied only by cowards' pillories this time."" marketFlavorTextColor",,,
,,,,,,
bar_descEIS,BarPrintDesc,$faction.id == ironshell,ShowImageVisual space_bar,"As you enter into a well-trafficked bar, you're stuck by an aura of generic regularity. Signage, menus, and prices are all standardized, but few of the locals bother to complain, content to enjoy their daily selections. Admittedly, the food and drink on offer is quite good, if somewhat lacking in ""soul"". Off-duty soldiers, merchant-captains, and dockworkers mingle amicably while a stiff-but-efficient waiting staff tends to each patron.",,
bar_descEISChitagupta,BarPrintDesc,"$faction.id == ironshell
$market.id == chitagupta
$id == chitagupta",ShowImageVisual space_bar,"Babylon is famous for its bar scene, and it's not difficult to understand why. Upon walking inside, it's like walking into a portal to another world. Advanced holo-projectors and atmospheric environment units simulate the experience of walking along a boardwalk on a sandy beach. You can taste the saline mist in the air as a scantily-clad waitress offers you a selection of cocktails, each no doubt priced exorbitantly. A riotous group of fresh-faced, straight-laced officers-to-be carouses nearby, loudly encouraging stories from the well-traveled business clientele. Imperial Academy cadets are apparently compensated quite well.",,
bar_descEISYami,BarPrintDesc,"$faction.id == ironshell
$market.id == yami
$id == yami",ShowImageVisual space_bar,"As you wander into one of Byzantium's portside bars, you find yourself immersed within an overwhelming atmosphere of patriotism. Unit banners, propaganda slogans, and recruitment posters hang upon the walls next to ""portraits of honor"" - dramatized accountings of the month's most heroic individuals - in all their nationalistic glory. The local drafts are all themed after famous battles the Imperium has been involved with, notably lacking any of the battles they lost, and you notice even the off-worlders playing into the pro-Imperial revelry. You have a feeling that openly dissenting would be a profoundly unwise decision.",,
,,,,,,
aiCores_turnInOptionSellIronshell,DialogOptionSelected,"$option == aiCores_startTurnIn
$faction.id == ironshell",FireAll PopulateCoresTurnInOptions,"""We don't generally like the public to be aware that these are still out there, but the Iron Shell is treaty-bound to take possession of any such objects and ensure they're destroyed.""",,
aiCores_turnInResponseIronshell,AICoresTurnedIn,$faction.id == ironshell,FireAll PopulateOptions,"""Thank you friend.Your action today contribute to a brighter future for the sector.""$PersonRank $personLastName gives you a firm handshake and the conversation moves on to other matters.",,
,,,,,,
# Epic Ironshell Commission,,,,,,
CMSNTextRejectHostile_Ironshell,CMSNTextRejectHostile,$faction.id == ironshell,,"""I'm suprised by how you get through our security.And even more surpised by your suicidal act.""",,
CMSNTextHasOther_Ironshell,CMSNTextHasOther,$faction.id == ironshell,,"""You're already commissioned by $theOtherCommissionFaction. I suggest you end the relation with them before thinking about being one of us""",,
CMSNTextUnsuited_Ironshell,CMSNTextUnsuited,$faction.id == ironshell,,"""Sorry $playerName, I can't commission you. Come back when you're a little more, mmm, reputable!",,
CMSNTextSuitedPart1_Ironshell,CMSNTextSuitedPart1,$faction.id == ironshell,,"""Hmm, yes, this intelligence summary indicates that you are qualified for a commission. Very well!

Accepting a commission with the Iron Turtle is a serious matter. You must pledge yourself to the Iron Turtle and uphold our strict codes and legacy.You are also obligeed to help your comrades whenever they're in need,no matter the situation.

This type of service to the Iron Shell is voluntary. You'll be able to resign your commission at any time, though most prefer to stay due to all the benefit they gained.""",,
CMSNTextSuitedPart2_Ironshell,CMSNTextSuitedPart2,$faction.id == ironshell,,"""Are you prepared to make this commitment to the Iron Shell?""",,
CMSNTextWelcomePart1_Ironshell,CMSNTextWelcomePart1,$faction.id == ironshell,,"""Very well friend.From now on,you're one of us.Welcome to the Iron Shell.""",,
CMSNTextWelcomePart2_Ironshell,CMSNTextWelcomePart2,$faction.id == ironshell,,"""Anything else I can do for you?""",,
CMSNTextChangeMind_Ironshell,CMSNTextChangeMind,$faction.id == ironshell,,"""Regrettable. The responsibility put upon those who bear the insignia of the Turtle are many, but the accomplishment of doing so is a reward all its own. Not all are prepared for such discipline, it seems.

Anything else I can do for you?""",,
CMSNResignAskToConfirm_Ironshell,CMSNResignAskToConfirm,$faction.id == ironshell,,"""Are you sure about that decision?Alot of people would die for a chance to prove themself worthy to be one of us""",,
CMSNResignConfirmed_Ironshell,CMSNResignConfirmed,$faction.id == ironshell,,"""I see. At least you were brave enough to tender your resignation in person.""",,
CMSNResignCancelled_Ironshell,CMSNResignCancelled,$faction.id == ironshell,,"""We all made mistakes.Atleast you're wise enough to correct it""",,
