{
	"EIS_SHIVA":{
		"engineColor":[255,127,163,255],
		"engineCampaignColor":[200,90,70,255],
		"contrailParticleSizeMult":2,
		"contrailParticleDuration":3,
		"contrailParticleFinalSizeMult":2.5,
		"contrailMaxSpeedMult":0.5,
		"contrailAngularVelocityMult":0.5,
		"contrailColor":[100,100,100,50],
		"contrailCampaignColor":[200,90,70,75],
		"type":"SMOKE" # GLOW or SMOKE
	},
	"EIS_BOOST":{
		"engineColor":[75,75,255,105],
		"contrailParticleSizeMult":4,
		"contrailParticleDuration":1,
		"contrailParticleFinalSizeMult":2.5,
		"contrailMaxSpeedMult":0.5f,
		"contrailAngularVelocityMult":0f,
		"contrailColor":[100,165,255,0],
		#"contrailCampaignColor":[100,165,255,75],
		"type":"GLOW" # GLOW or SMOKE
	},
	"EIS_LTBOOST":{
		"engineColor":[255,125,25,185],
		"engineCampaignColor":[200,90,70,255],
		"contrailParticleSizeMult":2,
		"contrailParticleDuration":3,
		"contrailParticleFinalSizeMult":2.5,
		"contrailMaxSpeedMult":0.5,
		"contrailAngularVelocityMult":0.5,
		"contrailColor":[50,50,50,50],
		"contrailCampaignColor":[200,90,70,75],
		"type":"SMOKE" # GLOW or SMOKE
	},
}

