{
	"EIS_SHIVA":{
		#"glowSprite":"graphics/fx/engineglow32.png", # not implemented
		#"glowShape":"graphics/fx/engineflame32.png",
		"engineColor":[255,127,163,255],
		"engineCampaignColor":[200,90,70,255],
		"contrailParticleSizeMult":2,
		"contrailParticleDuration":3,
		"contrailParticleFinalSizeMult":2.5,
		"contrailMaxSpeedMult":0.5,
		"contrailAngularVelocityMult":0.5,
		"contrailColor":[50,50,50,50],
		"contrailCampaignColor":[200,90,70,75],
		#"contrailCampaignColor":[120,50,50,50],
		"type":"SMOKE" # GLOW or SMOKE
	},
}

