{
"music":{
		"music_ironshell_market_neutral":[
			{"file":"ShellInteraction_Neutral.ogg","source":"sounds/eternaliron/music/factions","volume":0.17,"randomStart":true},
		],
		"music_ironshell_market_hostile":[
			{"file":"ShellInteraction_Hostile.ogg","source":"sounds/eternaliron/music/factions","volume":0.17,"randomStart":true},
		],
		"music_ironshell_market_friendly":[
			{"file":"ShellInteraction_Friendly.ogg","source":"sounds/eternaliron/music/factions","volume":0.12,"randomStart":true},
		],
		"music_ironshell_encounter_neutral":[
			{"file":"ShellFleet_Neutral.ogg","source":"sounds/eternaliron/music/factions","volume":0.17,"randomStart":true},
		],
		"music_ironshell_encounter_hostile":[
			{"file":"ShellFleet_Hostile.ogg","source":"sounds/eternaliron/music/factions","volume":0.17,"randomStart":true},
		],
		"music_ironshell_encounter_friendly":[
			{"file":"ShellFleet_Friendly.ogg","source":"sounds/eternaliron/music/factions","volume":0.12,"randomStart":true},
		],
	},
	"eis_vhbsfx":[{"file":"sounds/weapons/eis_hellbore.ogg","pitch":1,"volume":0.5}],
	"eis_fluxthrower_loop":[{"file":"sounds/weapons/eis_fluxthrower_loop.ogg","pitch":1,"volume":1.0}], 
}




