{
	# should be a copy of "combatSmall", minus variants that are annoying to fight in low numbers
	# for example, no Hyperions or fast beam-based kiting loadouts, or ships with damper field
	# Clean your shit up properly techpriest, stop messing it up FOR FUK SAKE
	"combatMedium":{
		"eis_vengeance_assault":5,
		"eis_vengeance_strike":4,

		"fallback":{"combatSmall":1},
	},
	"combatLarge":{
		"eis_champion_assault":8,
		"eis_champion_elite":4,
		"eis_champion_prototype":10,

		"fallback":{"combatMedium":1},
	},
	"combatCapital":{
		"eis_endeavor_assault":5,
		"eis_endeavor_standard":6,
		"eis_endeavor_strike":2,
		
		"eis_dauntless_assault":4,
		"eis_dauntless_standard":5,
		
	},

}