{
	# should be a copy of "combatSmall", minus variants that are annoying to fight in low numbers
	# for example, no Hyperions or fast beam-based kiting loadouts, or ships with damper field
	"combatSmallForSmallFleet":{
		"SRD_Furika_standard":10,
		"SRD_Celika_standard":5,
		"SRD_Celika_heavy":5,
		"SRD_Catora_standard":8,
		"SRD_Catora_prototype":2,
	},
	"combatSmall":{
		"SRD_Furika_standard":10,
		"SRD_Celika_standard":5,
		"SRD_Celika_heavy":5,
		"SRD_Catora_standard":8,
		"SRD_Catora_prototype":2,
			
		"SRD_Vril_standard":10,
		
		"SRD_Celika_uv_racer":10,
	},
	"combatMedium":{
		"SRD_Silverhead_standard":10,
		"SRD_Tarima_standard":5,
		"SRD_Tarima_assault":5,
		"SRD_Etrika_standard":7,
		"SRD_Etrika_support":3,
	},
	"combatLarge":{
		"SRD_Eagle_standard":6,
		"SRD_Eagle_strike":4,
		"SRD_Eagle_prototype":2,
		"SRD_Valestri_standard":10,
		"SRD_Rakia_standard":5,
		"SRD_Ascordia_standard":8,
		"SRD_Ascordia_prototype":2,
		"SRD_Synastry_standard":10,
			
		"SRD_Sylvetra_standard":10,
		
		"SRD_Synastry_cieve_combat":10,
		},
	"combatCapital":{
		"SRD_Equilibrium_standard":4,
		"SRD_Equilibrium_missile":2,
		"SRD_Equilibrium_prototype":2,
		"SRD_Equilibrium_exalted":2,
		"SRD_Finis_Astra_standard":5,
		"SRD_Seresvalla_standard":5,
		"SRD_Seresvalla_elite":2,
		"SRD_Seresvalla_barrage":3,
		"SRD_Replekia_andromeda":10,
		
		"SRD_Equilibrium_balance_flag":5,
	},
	
	
	# hybrid ships with good combat and cargo capacity
	"combatFreighterSmall":{
	},
	"combatFreighterMedium":{
	},
	"combatFreighterLarge":{
	},
	
	"civilianRandom":{
	},

	# carriers
	"carrierSmall":{
			"SRD_Tilia_standard":5,
			"SRD_Tilia_strike":5,
	},
	"carrierMedium":{
			"SRD_Eolia_standard":5,
			"SRD_Eolia_strike":5,
	},
	"carrierLarge":{
			"SRD_Frelia_combat":5,
			"SRD_Frelia_strike":5,
	},

	# phase ships
	"phaseSmall":{
	},
	"phaseMedium":{
	},
	"phaseLarge":{
	},
	"phaseCapital":{
	},

	# freighters and such
	"freighterSmall":{
	},
	"freighterMedium":{
			"SRD_Buffalo_standard":10,
	},
	"freighterLarge":{
			"SRD_Mariana_cargo_standard":10,
	},
	
	"tankerSmall":{
	},
	"tankerMedium":{
	},
	"tankerLarge":{
			"SRD_Mariana_fuel_standard":10,
	},
	
	"personnelSmall":{
	},
	"personnelMedium":{
	},
	"personnelLarge":{
	},
	
	"linerSmall":{
	},
	"linerMedium":{
	},
	"linerLarge":{
	},
	
	# utility ships
	"tug":{
	},
	"crig":{
	},
	"utility":{
	},
	


	# Old/unused below this line
	"fastAttack":{
	},

	"escortSmall":{
	},
	"escortMedium":{
	},
	
}
