{
	"starSystem":"naraka",
	"markets":[
		{
			"entities":["chitagupta"],
			"faction":"ironshell",
			"size":6,
			"freePort":true,
			"startingConditions":[
				"population_6",
				"thin_atmosphere",
				"water_surface",
				"eis_aquaculture",
			],
			"industries":[
				"population",
				"spaceport",
				"aquaculture",
				"heavyindustry",
				"battlestation_mid",
				"heavybatteries",
				"militarybase",
			],
		},
		{
			"entities":["yami"],
			"faction":"ironshell",
			"size":4,
			"startingConditions":[
				"population_4",
				"decivilized_subpop",
				"no_atmosphere",
				"rare_ore_sparse",
				"volatiles_diffuse",
			],
			"industries":[
				"population",
				"spaceport",
				"mining",
				"refining",
				"grounddefenses",
				"patrolhq",
			],
		},
	],
	
}



