name,id,designation,tech/manufacturer,system id,fleet pts,hitpoints,armor rating,max flux,8/6/5/4%,flux dissipation,ordnance points,fighter bays,max speed,acceleration,deceleration,max turn rate,turn acceleration,mass,shield type,defense id,shield arc,shield upkeep,shield efficiency,phase cost,phase upkeep,min crew,max crew,cargo,fuel,fuel/ly,range,max burn,base value,cr %/day,CR to deploy,peak CR sec,CR loss/sec,supplies/rec,supplies/mo,hints,tags,rarity,breakProb,minPieces,maxPieces,number
Broadsword (XIV),eis_broadsword,,XIV Battlegroup,flarelauncher_single,,750,112,83,,11,0,,186,372,323,84,167,30,NONE,,0,0,0,,,1,1,,,,,,,,,,,,,,,,0,,,85301
Gladius (XIV),eis_gladius,,XIV Battlegroup,flarelauncher_single,,500,84,208,,52,0,,279,372,279,140,279,40,NONE,,0,0,0,,,2,2,,,,,,,,,,,,,,,,0,,,85302
Warthog (XIV),eis_warthog,,XIV Battlegroup,flarelauncher_single,,750,224,208,,52,0,,130,167,140,93,186,40,NONE,,0,0,0,,,2,2,,,,,,,,,,,,,,,,0,,,85303
Khopesh (XIV),eis_hoplon,,XIV Battlegroup,flarelauncher_single,,500,84,520,,104,0,,167,209,186,56,112,40,NONE,,0,0,0,,,2,2,,,,,,,,,,,,,,,,0,,,85304
Vengeance (XIV),eis_vengeance,Assault Battlecarrier,XIV Battlegroup,eis_taste_vengeance,16,6500,1300,14500,10500,450,160,3,72,60,50,30,40,1200,FRONT,,120,0.3,1.1,,,140,200,120,140,4,33,8,130000,3,15,510,0.25,30,30,,rare_bp,0.45,0.5,2,3,
Endeavor (XIV),eis_endeavor,Battlecarrier,XIV Battlegroup,eis_jump,28,12000,1200,16000,12500,800,250,3,70,48,37,14,14,3000,FRONT,,85,0.25,1,,,550,1200,250,250,12,20,9,375000,3,12,720,0.25,36,36,"CARRIER, COMBAT, NO_AUTO_ESCORT",rare_bp,,0.4,2,4,
Dauntless (XIV),eis_dauntless,Battleship,XIV Battlegroup,eis_fluxburst,30,17000,1500,17500,,850,290,2,33,24,21,4,6,3700,FRONT,,120,0.35,1,,,625,1150,150,425,14,,7,425000,3,12,720,0.25,40,40,,rare_bp,,0.5,2,5,
Xyphos (XIV),eis_xyphos,,XIV Battlegroup,,,450,50,600,,50,0,,160,300,250,90,180,30,FRONT,,160,0,1,,,2,2,,,,,,,,,,,,,,,,0,,,85103
Khopine (XIV),eis_khopesh,,XIV Battlegroup,,,500,75,500,,100,0,,180,225,200,60,120,40,NONE,,0,0,0,,,2,2,,,,,,,,,,,,,,,,0,,,85104
Dagger (XIV),eis_dagger,,XIV Battlegroup,,,300,50,200,,50,0,,175,350,250,90,180,10,FRONT,,80,0,1.1,,,1,1,,,,,,,,,,,,,,,,0,,,85105
