name,id,designation,tech/manufacturer,system id,fleet pts,hitpoints,armor rating,max flux,8/6/5/4%,flux dissipation,ordnance points,fighter bays,max speed,acceleration,deceleration,max turn rate,turn acceleration,mass,shield type,defense id,shield arc,shield upkeep,shield efficiency,phase cost,phase upkeep,min crew,max crew,cargo,fuel,fuel/ly,range,max burn,base value,cr %/day,CR to deploy,peak CR sec,CR loss/sec,supplies/rec,supplies/mo,hints,tags,rarity,breakProb,minPieces,maxPieces,number
Broadsword (XIV),broadsword_xiv,,XIV Battlegroup,flarelauncher_single,,750,112,83,,11,0,,186,372,323,84,167,30,NONE,,0,0,0,,,1,1,,,,,,,,,,,,,,,,0,,,85301
Gladius (XIV),gladius_xiv,,XIV Battlegroup,flarelauncher_single,,500,84,208,,52,0,,279,372,279,140,279,40,NONE,,0,0,0,,,2,2,,,,,,,,,,,,,,,,0,,,85302
Warthog (XIV),warthog_xiv,,XIV Battlegroup,flarelauncher_single,,750,224,208,,52,0,,130,167,140,93,186,40,NONE,,0,0,0,,,2,2,,,,,,,,,,,,,,,,0,,,85303
Khopesh (XIV),hoplon_xiv,,XIV Battlegroup,,,500,84,520,,104,0,,167,209,186,56,112,40,NONE,,0,0,0,,,2,2,,,,,,,,,,,,,,,,0,,,85304
Vengeance (XIV),iron_vengeance,Assault Battlecarrier,XIV Battlegroup,iron_damparry,16,8000,1300,14000,10500,600,160,,50,50,40,25,35,1400,FRONT,,270,0.4,1.1,,,180,290,200,140,5,33,8,140000,3,15,480,0.25,30,30,WEAPONS_FRONT_TO_BACK,"rare_bp, tahlan_legio",0.4,0.5,2,3,401
Dauntless (XIV),iron_dauntless,Battleship,XIV Battlegroup,iron_damparry,30,17000,1500,17500,,850,290,2,33,24,21,4,6,3700,FRONT,,120,0.35,1,,,625,1150,150,425,14,,7,425000,3,12,720,0.25,40,40,,rare_bp,,0.5,2,5,
