id,variant,tags,tier,rarity,fleet pts,op cost,formation,range,attackRunRange,attackPositionOffset,num,role,role desc,refit,base value,,,,,,,,,,,,,number
broadsword_xiv_wing,broadsword_xiv_Fighter,"fighter4, fighter, low, lowtech_bp",3,,6,8,V,4000,500,,3,FIGHTER,Heavy Fighter,10,24000,,,,,,,,,,,,,85301
gladius_xiv_wing,gladius_xiv_Fighter,"fighter4, fighter, mid, midline_bp",3,,6,10,V,4000,500,300,2,FIGHTER,Fighter,10,40000,,,,,,,,,,,,,85302
warthog_xiv_wing,warthog_xiv_Fighter,"fighter3, fighter, mid, midline_bp",3,,8,12,CLAW,4000,500,-400,2,FIGHTER,Heavy Fighter,15,36000,,,,,,,,,,,,,85303
hoplon_xiv_wing,hoplon_xiv_Escort,"bomber3, bomber, low, rare_bp",3,,3,12,V,4000,2000,750,2,BOMBER,Bomber,15,28000,,,,,,,,,,,,,85304
