id,variant,tags,tier,rarity,fleet pts,op cost,formation,range,attackRunRange,attackPositionOffset,num,role,role desc,refit,base value,,,,,,,,,,,,,number
eis_broadsword_wing,eis_broadsword_Fighter,"fighter4, fighter, low, lowtech_bp",3,,8,8,V,3000,500,,3,FIGHTER,Heavy Fighter,10,24000,,,,,,,,,,,,,85301
eis_gladius_wing,eis_gladius_Fighter,"fighter4, fighter, mid, midline_bp",3,,8,10,V,3000,500,300,2,FIGHTER,Fighter,10,40000,,,,,,,,,,,,,85302
eis_warthog_wing,eis_warthog_Fighter,"fighter3, fighter, mid, midline_bp",3,,10,12,CLAW,3000,500,-400,2,FIGHTER,Heavy Fighter,15,36000,,,,,,,,,,,,,85303
eis_hoplon_wing,eis_hoplon_Escort,"bomber3, bomber, low, rare_bp",3,,4,12,V,3000,2000,750,2,BOMBER,Bomber,15,28000,,,,,,,,,,,,,85304
eis_xyphos_wing,eis_xyphos_Fighter,"support3, fighter, high, rare_bp",3,0.5,9,15,V,3000,500,,2,SUPPORT,Support,15,10000,,,,,,,,,,,,,
eis_khopesh_wing,eis_khopesh_Support,"bomber3, bomber, low, rare_bp",1,,4,12,V,1200,1200,750,2,SUPPORT,Support,15,7000,,,,,,,,,,,,,
eis_dagger_wing,eis_dagger_Bomber,"bomber4, bomber, mid, midtech_bp",2,,6,18,V,3000,2000,750,2,BOMBER,Bomber,18,9000,,,,,,,,,,,,,
eis_kopis_wing,eis_kopis_Fighter,"fighter2, interceptor, mid, rare_bp",1,,5,8,CLAW,3000,400,500,2,BOMBER,BOMBER,8,9000,,,,,,,,,,,,,
