name,id,flux/second,f/s (base rate),f/s (base cap),flux/use,f/u (base rate),f/u (base cap),cr/u,max uses,regen,charge up,active,down,cooldown,toggle,noDissipation,noHardDissipation,hardFlux,noFiring,noTurning,noStrafing,noAccel,noShield,noVent,isPhaseCloak,tags,icon
Revengeance,eis_taste_vengeance,1,,,,,0.05,,,,0,0.5,9.5,0,,,,,,,,,,,,,graphics/icons/hullsys/damper_field.png
Jump Thruster,eis_jump,,,,,,,,1,0.13,0.2,0.2,1,1,,,,TRUE,,,,,,,,,graphics/icons/hullsys/burn_drive.png
Annihilation Protocol,eis_highballisticfocus,1,,,,,,,3,0.05,0.25,3,0.25,,,,,,,,,,,,,,graphics/icons/hullsys/ammo_feeder.png
Micro Burn,eis_microburn,1,,,,,,,2,0.1,0.5,0.5,0.5,,,,,,,,TRUE,TRUE,,,,,graphics/icons/hullsys/burn_drive.png
